source_code,source_concept_id,source_vocabulary_id,source_code_description,target_concept_id,target_vocabulary_id,valid_start_date,valid_end_date,invalid_reason
bl8c.00,0,READ_DAAD,*CALCIPINE 5mg capsules,21143144,RxNorm Extension,1970-01-01,2099-12-31,
bl8B.00,0,READ_DAAD,ADIPINE MR 10 m/r tablets,21162883,RxNorm Extension,1970-01-01,2099-12-31,
bl8j.00,0,READ_DAAD,ADALAT LA 60mg m/r tablets,21064641,RxNorm Extension,1970-01-01,2099-12-31,
bl8O.00,0,READ_DAAD,*SLOFEDIPINE 20mg m/r tablets,21044941,RxNorm Extension,1970-01-01,2099-12-31,
bl8h.00,0,READ_DAAD,*NIFENSAR XL 20mg m/r tablets,21113693,RxNorm Extension,1970-01-01,2099-12-31,
bl8D.00,0,READ_DAAD,*NIMODREL MR 10 m/r tablets,21162882,RxNorm Extension,1970-01-01,2099-12-31,
bl8k.00,0,READ_DAAD,CORACTEN SR 10mg m/r capsules,21172613,RxNorm Extension,1970-01-01,2099-12-31,
bl8U.00,0,READ_DAAD,NIFEDIPRESS MR 20 m/r tablets,21133169,RxNorm Extension,1970-01-01,2099-12-31,
bl8i.00,0,READ_DAAD,ADALAT LA 30mg m/r tablets,21172620,RxNorm Extension,1970-01-01,2099-12-31,
bl8K.00,0,READ_DAAD,TENSIPINE MR 20 m/r tablets,21172600,RxNorm Extension,1970-01-01,2099-12-31,
bll7.00,0,READ_DAAD,CALCHAN MR 10mg m/r tablets,21035105,RxNorm Extension,1970-01-01,2099-12-31,
bl8Y.00,0,READ_DAAD,CORACTEN XL 60mg m/r capsules,21044961,RxNorm Extension,1970-01-01,2099-12-31,
bl8n.00,0,READ_DAAD,*NIFELEASE 20mg m/r tablets,21113693,RxNorm Extension,1970-01-01,2099-12-31,
bl8a.00,0,READ_DAAD,*VASAD 10mg capsules,21143127,RxNorm Extension,1970-01-01,2099-12-31,
bl8Q.00,0,READ_DAAD,GENALAT RETARD 10mg m/r tablets,21162882,RxNorm Extension,1970-01-01,2099-12-31,
bllb.00,0,READ_DAAD,VALNI 20 RETARD 20mg m/r tablets,21113698,RxNorm Extension,1970-01-01,2099-12-31,
bl8o.00,0,READ_DAAD,*CALANIF 10mg capsules,21074558,RxNorm Extension,1970-01-01,2099-12-31,
bl8d.00,0,READ_DAAD,*CALCIPINE 10mg capsules,21074558,RxNorm Extension,1970-01-01,2099-12-31,
bl8W.00,0,READ_DAAD,NIFEDIPINE 60mg m/r capsules,21103923,RxNorm Extension,1970-01-01,2099-12-31,
blld.00,0,READ_DAAD,ADIPINE XL 60mg m/r tablets,21143137,RxNorm Extension,1970-01-01,2099-12-31,
bl8q.00,0,READ_DAAD,*HYPOLAR RETARD 20 m/r tablets,21025339,RxNorm Extension,1970-01-01,2099-12-31,
bl8s.00,0,READ_DAAD,*CORODAY MR 20mg m/r tablets,21153003,RxNorm Extension,1970-01-01,2099-12-31,
bl8b.00,0,READ_DAAD,*CALCILAT 10mg capsules,21074558,RxNorm Extension,1970-01-01,2099-12-31,
blle.00,0,READ_DAAD,NIMODREL XL 60mg tablets,21162893,RxNorm Extension,1970-01-01,2099-12-31,
blli.00,0,READ_DAAD,NIDEF 30mg m/r tablets,21143131,RxNorm Extension,1970-01-01,2099-12-31,
bll3.00,0,READ_DAAD,*ADIPINE LA 30 m/r tablets,21143131,RxNorm Extension,1970-01-01,2099-12-31,
bd54.00,0,READ_DAAD,*LABROCOL 100mg tablets,21026834,RxNorm Extension,1970-01-01,2099-12-31,
bllg.00,0,READ_DAAD,VALNI XL 30mg m/r tablets,21084237,RxNorm Extension,1970-01-01,2099-12-31,
bd52.00,0,READ_DAAD,LABETALOL 200mg tablets,21174111,RxNorm Extension,1970-01-01,2099-12-31,
bll5.00,0,READ_DAAD,HYPOLAR XL 30 m/r tablets,21035110,RxNorm Extension,1970-01-01,2099-12-31,
bd5b.00,0,READ_DAAD,*TRANDATE 100mg/20mL injection,36257761,RxNorm Extension,1970-01-01,2099-12-31,
bd5b.00,0,READ_DAAD,*TRANDATE 100mg/20mL injection,36257761,RxNorm Extension,1970-01-01,2099-12-31,
bd58.00,0,READ_DAAD,TRANDATE 100mg tablets,21144596,RxNorm Extension,1970-01-01,2099-12-31,
bd55.00,0,READ_DAAD,*LABROCOL 200mg tablets,21174111,RxNorm Extension,1970-01-01,2099-12-31,
blla.00,0,READ_DAAD,HYPOLAR RETARD 10mg m/r tablets,21054773,RxNorm Extension,1970-01-01,2099-12-31,
bd56.00,0,READ_DAAD,*LABROCOL 400mg tablets,21046495,RxNorm Extension,1970-01-01,2099-12-31,
bl8C.00,0,READ_DAAD,*UNIPINE XL 30mg m/r tablets,21143131,RxNorm Extension,1970-01-01,2099-12-31,
bd5c.00,0,READ_DAAD,LABETALOL HYDROCHLORIDE 50mg/10mL prefilled syringe,35408978,RxNorm Extension,1970-01-01,2099-12-31,
bllc.00,0,READ_DAAD,ADIPINE XL 30mg m/r tablets,21143131,RxNorm Extension,1970-01-01,2099-12-31,
bl8..00,0,READ_DAAD,NIFEDIPINE,1318853,RxNorm,1970-01-01,2099-12-31,
bl8w.00,0,READ_DAAD,NIFEDIPINE 10mg m/r tablets,21162882,RxNorm Extension,1970-01-01,2099-12-31,
bl8F.00,0,READ_DAAD,NIFEDIPINE 40mg m/r tablets,21044968,RxNorm Extension,1970-01-01,2099-12-31,
bl85.00,0,READ_DAAD,NIFEDIPINE 5mg capsules,21054782,RxNorm Extension,1970-01-01,2099-12-31,
bl8u.00,0,READ_DAAD,NIFEDIPINE 10mg m/r capsules,21162882,RxNorm Extension,1970-01-01,2099-12-31,
bl89.00,0,READ_DAAD,*VASAD 5mg capsules,21143144,RxNorm Extension,1970-01-01,2099-12-31,
bll4.00,0,READ_DAAD,*ADIPINE LA 60 m/r tablets,21143137,RxNorm Extension,1970-01-01,2099-12-31,
bl8H.00,0,READ_DAAD,*CARDILATE MR 10mg m/r tablets,21044956,RxNorm Extension,1970-01-01,2099-12-31,
bl8v.00,0,READ_DAAD,NIFEDIPINE 20mg m/r capsules,21025334,RxNorm Extension,1970-01-01,2099-12-31,
bllf.00,0,READ_DAAD,NIMODREL XL 30mg tablets,21093974,RxNorm Extension,1970-01-01,2099-12-31,
bl84.00,0,READ_DAAD,ADALAT RETARD 10mg m/r tablets,21044957,RxNorm Extension,1970-01-01,2099-12-31,
bl8P.00,0,READ_DAAD,*ANGIOPINE MR 10mg m/r tablets,21133179,RxNorm Extension,1970-01-01,2099-12-31,
bll2.00,0,READ_DAAD,SLOFEDIPINE XL 60mg m/r tablets,21064639,RxNorm Extension,1970-01-01,2099-12-31,
bl86.00,0,READ_DAAD,NIFEDIPINE 10mg capsules,21074558,RxNorm Extension,1970-01-01,2099-12-31,
bl8Z.00,0,READ_DAAD,NIVATEN RETARD 20mg m/r tablets,21044941,RxNorm Extension,1970-01-01,2099-12-31,
bl8S.00,0,READ_DAAD,NIFEDIPRESS MR 10 m/r tablets,21093971,RxNorm Extension,1970-01-01,2099-12-31,
bll9.00,0,READ_DAAD,KENTIPINE MR 20mg m/r tablets,21064623,RxNorm Extension,1970-01-01,2099-12-31,
bl8g.00,0,READ_DAAD,*ANGIOPINE 10mg capsules,21074560,RxNorm Extension,1970-01-01,2099-12-31,
bl8J.00,0,READ_DAAD,TENSIPINE MR 10 m/r tablets,21172616,RxNorm Extension,1970-01-01,2099-12-31,
bl8e.00,0,READ_DAAD,CORACTEN SR 20mg m/r capsules,21172597,RxNorm Extension,1970-01-01,2099-12-31,
bd5a.00,0,READ_DAAD,TRANDATE 400mg tablets,21105356,RxNorm Extension,1970-01-01,2099-12-31,
bl8l.00,0,READ_DAAD,*CARDILATE MR 20mg m/r tablets,21143120,RxNorm Extension,1970-01-01,2099-12-31,
bl8M.00,0,READ_DAAD,ADALAT LA 20mg m/r tablets,21123305,RxNorm Extension,1970-01-01,2099-12-31,
bl8f.00,0,READ_DAAD,*ANGIOPINE 5mg capsules,21143144,RxNorm Extension,1970-01-01,2099-12-31,
bd5u.00,0,READ_DAAD,*LABETALOL 200mg tablets,21174111,RxNorm Extension,1970-01-01,2099-12-31,
bl8m.00,0,READ_DAAD,*ANGIOPINE MR 20mg tablets,21093960,RxNorm Extension,1970-01-01,2099-12-31,
bl8y.00,0,READ_DAAD,NIFEDIPINE 60mg m/r tablets,21143137,RxNorm Extension,1970-01-01,2099-12-31,
bl8R.00,0,READ_DAAD,GENALAT RETARD 20mg m/r tablets,21044941,RxNorm Extension,1970-01-01,2099-12-31,
bl8A.00,0,READ_DAAD,ADIPINE MR 20 m/r tablets,21133164,RxNorm Extension,1970-01-01,2099-12-31,
bll..00,0,READ_DAAD,NIFEDIPINE [2],1318853,RxNorm,1970-01-01,2099-12-31,
bl8p.00,0,READ_DAAD,*CALANIF 5mg capsules,21143144,RxNorm Extension,1970-01-01,2099-12-31,
bl8T.00,0,READ_DAAD,NIVATEN RETARD 10mg m/r tablets,21162882,RxNorm Extension,1970-01-01,2099-12-31,
bl8G.00,0,READ_DAAD,*ANGIOPINE 40 LA m/r tablets,21044968,RxNorm Extension,1970-01-01,2099-12-31,
bl8r.00,0,READ_DAAD,*NIFEDOTARD 20MR m/r tablets,21044941,RxNorm Extension,1970-01-01,2099-12-31,
bll1.00,0,READ_DAAD,SLOFEDIPINE XL 30mg m/r tablets,21084238,RxNorm Extension,1970-01-01,2099-12-31,
bl8V.00,0,READ_DAAD,NIFEDIPINE 30mg m/r capsules,21050181,RxNorm Extension,1970-01-01,2099-12-31,
bl8L.00,0,READ_DAAD,FORTIPINE LA40 m/r tablets,21172625,RxNorm Extension,1970-01-01,2099-12-31,
bll8.00,0,READ_DAAD,KENTIPINE MR 10mg m/r tablets,21113711,RxNorm Extension,1970-01-01,2099-12-31,
bll6.00,0,READ_DAAD,CALCHAN MR 20mg m/r tablets,21153002,RxNorm Extension,1970-01-01,2099-12-31,
bd5..00,0,READ_DAAD,LABETALOL HYDROCHLORIDE,1386957,RxNorm,1970-01-01,2099-12-31,
bllh.00,0,READ_DAAD,VALNI XL 60mg m/r tablets,21162894,RxNorm Extension,1970-01-01,2099-12-31,
blll.00,0,READ_DAAD,ADANIF XL 60mg m/r tablets,21153034,RxNorm Extension,1970-01-01,2099-12-31,
bd5z.00,0,READ_DAAD,LABETALOL 100mg/20mL injection,589502,RxNorm Extension,1970-01-01,2099-12-31,
bd59.00,0,READ_DAAD,TRANDATE 200mg tablets,21026830,RxNorm Extension,1970-01-01,2099-12-31,
bllj.00,0,READ_DAAD,NIDEF 60mg m/r tablets,21143137,RxNorm Extension,1970-01-01,2099-12-31,
bl81.00,0,READ_DAAD,ADALAT 5mg capsules,41186237,RxNorm Extension,1970-01-01,2099-12-31,
bd51.00,0,READ_DAAD,LABETALOL 100mg tablets,21026834,RxNorm Extension,1970-01-01,2099-12-31,
bd5t.00,0,READ_DAAD,*LABETALOL 100mg tablets,21026834,RxNorm Extension,1970-01-01,2099-12-31,
bllk.00,0,READ_DAAD,ADANIF XL 30mg m/r tablets,21123315,RxNorm Extension,1970-01-01,2099-12-31,
bl83.00,0,READ_DAAD,ADALAT RETARD 20mg m/r tablets,21143124,RxNorm Extension,1970-01-01,2099-12-31,
bd53.00,0,READ_DAAD,LABETALOL 400mg tablets,21046495,RxNorm Extension,1970-01-01,2099-12-31,
bd5x.00,0,READ_DAAD,*LABETALOL 200mg tablets,21174111,RxNorm Extension,1970-01-01,2099-12-31,
bl8t.00,0,READ_DAAD,NIFOPRESS RETARD 20mg m/r tablets,21044943,RxNorm Extension,1970-01-01,2099-12-31,
bl87.00,0,READ_DAAD,ADALAT-IC 200micrograms/2mL injection,41343814,RxNorm Extension,1970-01-01,2099-12-31,
bd57.00,0,READ_DAAD,TRANDATE 50mg tablets,21144591,RxNorm Extension,1970-01-01,2099-12-31,
bd5y.00,0,READ_DAAD,*LABETALOL 400mg tablets,21046495,RxNorm Extension,1970-01-01,2099-12-31,
bl8x.00,0,READ_DAAD,NIFEDIPINE 30mg m/r tablets,43206508,RxNorm Extension,1970-01-01,2099-12-31,
bd5v.00,0,READ_DAAD,LABETALOL 50mg tablets,21056247,RxNorm Extension,1970-01-01,2099-12-31,
bl82.00,0,READ_DAAD,ADALAT 10mg capsules,40967355,RxNorm Extension,1970-01-01,2099-12-31,
bl88.00,0,READ_DAAD,NIFEDIPINE-IC 200micrograms/2mL injection,41339386,RxNorm Extension,1970-01-01,2099-12-31,
bd5w.00,0,READ_DAAD,*LABETALOL 100mg tablets,21026834,RxNorm Extension,1970-01-01,2099-12-31,
bl8z.00,0,READ_DAAD,NIFEDIPINE 20mg m/r tablets,21044941,RxNorm Extension,1970-01-01,2099-12-31,
bl8E.00,0,READ_DAAD,*NIMODREL MR 20 m/r tablets,21044941,RxNorm Extension,1970-01-01,2099-12-31,
bl8X.00,0,READ_DAAD,CORACTEN XL 30mg m/r capsules,21074565,RxNorm Extension,1970-01-01,2099-12-31,
